{
    "N": [
        0,
        0,
        0.5
    ],
    "-": [
        0,
        0,
        -1
    ],
    ".": [
        0,
        0,
        -1
    ],
    "A": [
        -1,
        1,
        0
    ],
    "C": [
        1,
        1,
        1
    ],
    "T": [
        1,
        -1,
        0
    ],
    "U": [
        1,
        -1,
        0
    ],
    "G": [
        -1,
        -1,
        1
    ],
    "M": [
        0.0,
        1.0,
        0.5
    ],
    "W": [
        0.0,
        0.0,
        0.0
    ],
    "R": [
        -1.0,
        0.0,
        0.5
    ],
    "Y": [
        1.0,
        0.0,
        0.5
    ],
    "S": [
        0.0,
        0.0,
        1.0
    ],
    "K": [
        0.0,
        -1.0,
        0.5
    ],
    "B": [
        0.3333333333333333,
        -0.3333333333333333,
        0.6666666666666666
    ],
    "D": [
        -0.3333333333333333,
        -0.3333333333333333,
        0.3333333333333333
    ],
    "H": [
        0.3333333333333333,
        0.3333333333333333,
        0.3333333333333333
    ]
}